{"cameraMode":{"drawMode":0,"name":"Shaded","section":"Shading Mode"},"sceneLighting":true,"audioPlay":false,"sceneViewState":{"m_AlwaysRefresh":false,"showFog":true,"showSkybox":false,"showFlares":true,"showImageEffects":true,"showParticleSystems":true,"showVisualEffectGraphs":true,"m_FxEnabled":true},"in2DMode":false,"pivot":{"x":-0.64959716796875,"y":0.5373845100402832,"z":1.3424220085144044},"rotation":{"x":-0.03958234190940857,"y":0.018307527527213098,"z":-0.0007397037115879357,"w":-0.9990823864936829},"size":1.2272754907608033,"orthographic":false}