{"cameraMode":{"drawMode":0,"name":"Shaded","section":"Shading Mode"},"sceneLighting":false,"audioPlay":false,"sceneViewState":{"m_AlwaysRefresh":false,"showFog":true,"showSkybox":false,"showFlares":true,"showImageEffects":true,"showParticleSystems":true,"showVisualEffectGraphs":true,"m_FxEnabled":true},"in2DMode":false,"pivot":{"x":-0.11000454425811768,"y":12.423736572265625,"z":-0.09726285934448242},"rotation":{"x":-0.0032948448788374664,"y":-0.06565243750810623,"z":-0.00021672219736501575,"w":0.9978374242782593},"size":14.2210054397583,"orthographic":false}