{"cameraMode":{"drawMode":0,"name":"Shaded","section":"Shading Mode"},"sceneLighting":true,"audioPlay":false,"sceneViewState":{"m_AlwaysRefresh":false,"showFog":true,"showSkybox":false,"showFlares":true,"showImageEffects":true,"showParticleSystems":true,"showVisualEffectGraphs":true,"m_FxEnabled":true},"in2DMode":false,"pivot":{"x":-0.7215548157691956,"y":0.11222951114177704,"z":0.22131533920764924},"rotation":{"x":-0.007205463945865631,"y":0.9766622185707092,"z":-0.21215102076530457,"w":-0.033105362206697467},"size":0.2922245264053345,"orthographic":false}