{"cameraMode":{"drawMode":0,"name":"Shaded","section":"Shading Mode"},"sceneLighting":true,"audioPlay":false,"sceneViewState":{"m_AlwaysRefresh":false,"showFog":true,"showSkybox":true,"showFlares":true,"showImageEffects":true,"showParticleSystems":true,"showVisualEffectGraphs":true,"m_FxEnabled":true},"in2DMode":false,"pivot":{"x":580.4864501953125,"y":14.694915771484375,"z":169.4840087890625},"rotation":{"x":0.49529021978378298,"y":-0.15342792868614198,"z":0.08936036378145218,"w":0.8503897786140442},"size":136.65927124023438,"orthographic":false}