{"cameraMode":{"drawMode":0,"name":"Shaded","section":"Shading Mode"},"sceneLighting":false,"audioPlay":false,"sceneViewState":{"m_AlwaysRefresh":false,"showFog":true,"showSkybox":false,"showFlares":true,"showImageEffects":true,"showParticleSystems":true,"showVisualEffectGraphs":true,"m_FxEnabled":true},"in2DMode":false,"pivot":{"x":502.797119140625,"y":302.35357666015627,"z":2.4542465209960939},"rotation":{"x":0.23558449745178224,"y":-0.025090601295232774,"z":0.006068774964660406,"w":0.9715206623077393},"size":318.9486999511719,"orthographic":false}